0,Environmental Disruptors of Development
1,History of Ecology
2,Women in Islam
3,Legacies of the Ancient World
4,ITP Core 2
5,The Research Paper: Octavia Butler's Kindred
6,Neurobiology
7,Wikipedia
8,Media History and Theory
9,WIKISOO
10,Human Development in Global and Local Communities
11,History of Chinese Women Through Time
12,The Anthropology of Cyberspace
13,Human Ecology
14,Cyberlaw
15,History of Science to Newton
16,History of Science to the Age of Newton
17,Intro to Mass Communication
18,Senior Undergraduate Chemistry Seminar
19,Gender and Economic Development in the Third World
20,Adolescent Development
21,TSOC455
22,Education for Life Sciences
23,Writing for the Web
24,Senior Seminar in Psychology
25,Library Reference
26,Advanced Media Studies
27,Communication Studies Seminar
28,"Memory, truth and reconciliation in the developing world"
29,Developmental Biology
30,After Fight Club: The Transgressive Fiction of Chuck Palahniuk
31,"3,000 Years of Jewish History"
32,History of Design and Digital Media
33,Online Communities
34,Science and Technology Urban Epidemics: The Development of Public Health in NYC
35,Theater History from 1642
36,Nihilism in Germany
37,Imagining Gender
38,English Composition
39,Cognitive Psychology
40,Reading & Writing & Researching the Harlem Renaissance
41,Global Youth Studies
42,Global and Cultural Perspectives
43,Communication Theories and Frameworks
44,Introductory Neuroscience
45,Composition
46,Molecular Biology
47,Poetry
48,Information Research Techniques
49,Honors Introduction to Environmental Studies
50,Natural Disturbances and Society
51,Plate Tectonics
52,Prokaryotic Diversity
53,Psychology
54,WIKISOO Round 3
55,Poverty & Justice & Human Capabilities
56,American Women's History
57,Psychology of Consciousness
58,Discover New York
59,The Contemporary City
60,Political Science
61,Dialogues on Feminism and Technology
62,Psychology of Language
63,Linguistics
64,Intellectual Property Law
65,Politics of Digital Piracy
66,Social Psychology
67,GEOL 3370 Mineralogy class
68,Wikipedia as a Research Tool
69,Chemistry: Organic Principles
70,History of Torture
71,History of Science from Antiquity to Newton
72,Feminist Science Fiction Authors
73,Biological Evolution
74,Digital Photography
75,Human and Veterinary Mycology
76,TWOMN455
77,Recent Advances in Quantum Information
78,Genetics in Everyday Life
79,Hudson Valley Amenity Economy
80,Behavioral Ecology
81,LIB2002 Reference I
82,Introduction to Child Development
83,Environment and Society
84,Controversies in Science
85,The World since 1789
86,Nursing Practice II - Clinical Practice
87,Environmental Change: Challenges for Health
88,Crime & Law & Justice in Cyberspace
89,Contemporary Research in Personality
90,Peace and Health: Praxis
91,Archaeological Ethics & Politics & Law
92,Archaeology and Popular Culture
93,Language Acquisition
94,North American Environmental History
95,The Rhetoric of Digital and Interactive Media Environments
96,Seminar in Physiology
